{
 "K": [[259.43155805, 0.0, 349.66747586],
       [0.0, 324.11095702, 240.11554695],
       [0.0, 0.0, 1.0]],
 "D": [[-0.04417535],[ 0.29739536],[-0.36757179],[ 0.13869292]],
 "error": 3.8486625410736295
}
