{
    "K": [
        [
            1051.62144,
            0.0,
            641.441758
        ],
        [
            0.0,
            1026.56062,
            329.342844
        ],
        [
            0.0,
            0.0,
            1.0
        ]
    ],
    "D": [
        [
            0.64504975
        ],
        [
            -2.75439829
        ],
        [
            16.00228742
        ],
        [
            -41.26615726
        ]
    ]
}